,dataset,pipeline,name,pca,adjusted_r2,r2,mae,mape,best_score,params
0,ShorterThan1.2Kms,simple,knn,43,0.7274749463534462,0.7278439268665917,76.63424882742615,0.339527221296447,0.719505871434152,"{'knn__n_neighbors': 5, 'pca__n_components': 43}"
1,ShorterThan1.2Kms,simple,dtr,36,0.5392015012882247,0.5398253913278239,95.60606353657947,0.4295745209715074,0.5277901614723268,"{'dtr__criterion': 'mse', 'pca__n_components': 36}"
2,ShorterThan1.2Kms,simple,lasso,40,0.629172399663445,0.6296744751843184,105.25834721875363,0.5386791007482307,0.623777029451025,"{'lasso__alpha': 0.66, 'pca__n_components': 40}"
3,ShorterThan1.2Kms,simple,elasticnet,40,0.6230700180870004,0.623580355820303,107.60893792750231,0.5722024379296011,0.6176379770763015,"{'elasticnet__alpha': 0.060000000000000005, 'elasticnet__l1_ratio': 0.7000000000000001, 'pca__n_components': 40}"
4,ShorterThan1.2Kms,simple,svr,28,0.6370663279251927,0.6375577156004469,103.56625397146932,0.5108387541327989,0.6318819858431153,"{'pca__n_components': 28, 'svr__alpha': 0.0001, 'svr__loss': 'squared_loss', 'svr__max_iter': 10000, 'svr__penalty': 'l2'}"
0,ShorterThan1.2Kms,two_step_4_cat,knn,56,0.827554197673586,0.8278418783476635,56.15405444610995,0.21157742608172678,0.8200149093648428,"{'knn__n_neighbors': 3, 'pca__n_components': 56}"
1,ShorterThan1.2Kms,two_step_4_cat,dtr,45,0.7304135463552501,0.730863280774183,68.45389487935786,0.25851148295762166,0.6962874618728409,"{'dtr__criterion': 'mse', 'pca__n_components': 45}"
2,ShorterThan1.2Kms,two_step_4_cat,lasso,66,0.727237199419563,0.727692232741776,89.17652547850044,0.4529679429461027,0.72332272934384,"{'lasso__alpha': 0.41000000000000003, 'pca__n_components': 66}"
3,ShorterThan1.2Kms,two_step_4_cat,elasticnet,66,0.7192593347798552,0.7197276770805778,90.92397309633957,0.47510275596982615,0.7163975539838259,"{'elasticnet__alpha': 0.01, 'elasticnet__l1_ratio': 0.1, 'pca__n_components': 66}"
4,ShorterThan1.2Kms,two_step_4_cat,svr,33,0.6647438377723244,0.6653031249073963,101.87015249407158,0.5582154403824667,0.6645534822200447,"{'pca__n_components': 33, 'svr__alpha': 0.07010000000000001, 'svr__loss': 'squared_loss', 'svr__max_iter': 10000, 'svr__penalty': 'elasticnet'}"
0,ShorterThan1.2Kms,two_step_continuous,knn,39,0.8465472354885131,0.8467698404997722,53.21539577389875,0.19876529849850352,0.8363568225792963,"{'knn__n_neighbors': 5, 'pca__n_components': 39}"
1,ShorterThan1.2Kms,two_step_continuous,dtr,48,0.7480841219515659,0.7484495616818168,66.21348097287365,0.2560805036919159,0.7270239951485316,"{'dtr__criterion': 'mse', 'pca__n_components': 48}"
2,ShorterThan1.2Kms,two_step_continuous,lasso,45,0.6854050270135109,0.6858613916656999,97.39233088721261,0.5141801350431461,0.6831140645256021,"{'lasso__alpha': 0.81, 'pca__n_components': 45}"
3,ShorterThan1.2Kms,two_step_continuous,elasticnet,37,0.6934793160363201,0.6939239677864668,96.26833964363102,0.5027790402612119,0.6910983749911427,"{'elasticnet__alpha': 0.01, 'elasticnet__l1_ratio': 0.6000000000000001, 'pca__n_components': 37}"
4,ShorterThan1.2Kms,two_step_continuous,svr,30,-3.245939369000342e+16,-3.241230673317452e+16,367599406.5425904,2424210.64249615,-2775501677632225.5,"{'pca__n_components': 30, 'svr__alpha': 0.07010000000000001, 'svr__loss': 'squared_loss', 'svr__max_iter': 10000, 'svr__penalty': 'l1'}"
0,ShorterThan1.2Kms,two_step_5_cat,knn,49,0.8432726812392612,0.8435568752603694,55.84193704366327,0.21846155106848175,0.8334753248592748,"{'knn__n_neighbors': 5, 'pca__n_components': 49}"
1,ShorterThan1.2Kms,two_step_5_cat,dtr,26,0.7451436247316441,0.7456057564050835,68.89590687104105,0.27100115307281153,0.6852004598081446,"{'dtr__criterion': 'mse', 'pca__n_components': 26}"
2,ShorterThan1.2Kms,two_step_5_cat,lasso,62,0.7146274499934772,0.7151449167193902,90.66780099623783,0.4635366197028971,0.7107867493169805,"{'lasso__alpha': 0.91, 'pca__n_components': 62}"
3,ShorterThan1.2Kms,two_step_5_cat,elasticnet,71,0.7330810809298782,0.7335650856427782,87.84475045733159,0.4421049920339131,0.7274898764760389,"{'elasticnet__alpha': 0.01, 'elasticnet__l1_ratio': 0.9, 'pca__n_components': 71}"
4,ShorterThan1.2Kms,two_step_5_cat,svr,40,0.7362209047021204,0.7366992159650817,86.62724033663557,0.43038244008805654,0.7273388144234275,"{'pca__n_components': 40, 'svr__alpha': 0.0001, 'svr__loss': 'squared_loss', 'svr__max_iter': 10000, 'svr__penalty': 'elasticnet'}"
0,ShorterThan1.2Kms,two_step_6_cat,knn,68,0.8065353861925528,0.8068955509676592,60.48809696500813,0.23061493829772794,0.7974350162049119,"{'knn__n_neighbors': 3, 'pca__n_components': 68}"
1,ShorterThan1.2Kms,two_step_6_cat,dtr,22,0.6917165120797371,0.6922904302289564,74.36037909192012,0.28536659459490854,0.6500873352694168,"{'dtr__criterion': 'mae', 'pca__n_components': 22}"
2,ShorterThan1.2Kms,two_step_6_cat,lasso,42,0.7293634431127906,0.7298672755849338,88.47923180772888,0.42887389088431693,0.729173965520611,"{'lasso__alpha': 0.51, 'pca__n_components': 42}"
3,ShorterThan1.2Kms,two_step_6_cat,elasticnet,37,0.7226004548048175,0.7231168776422738,90.13531865440346,0.45046956454421605,0.7207047076948012,"{'elasticnet__alpha': 0.060000000000000005, 'elasticnet__l1_ratio': 0.7000000000000001, 'pca__n_components': 37}"
4,ShorterThan1.2Kms,two_step_6_cat,svr,41,0.7420029716042014,0.7424832736081779,87.13200545935244,0.4171964240838675,0.7386902031073019,"{'pca__n_components': 41, 'svr__alpha': 0.0801, 'svr__loss': 'squared_loss', 'svr__max_iter': 10000, 'svr__penalty': 'l1'}"
0,ShorterThan1.2Kms,two_step_7_cat,knn,60,0.8273172997512601,0.8276513007671906,57.33952903631353,0.21992913351177448,0.8189197066489775,"{'knn__n_neighbors': 5, 'pca__n_components': 60}"
1,ShorterThan1.2Kms,two_step_7_cat,dtr,18,0.7037706161833863,0.7043435798618596,72.6257917895653,0.2786913837815861,0.6575167701364548,"{'dtr__criterion': 'mse', 'pca__n_components': 18}"
2,ShorterThan1.2Kms,two_step_7_cat,lasso,34,0.7302738895048706,0.730795590838001,87.0955091504714,0.43072601107532893,0.7291865036944624,"{'lasso__alpha': 0.8600000000000001, 'pca__n_components': 34}"
3,ShorterThan1.2Kms,two_step_7_cat,elasticnet,64,0.7392114578546964,0.7397158722395426,85.87587969975456,0.41567597103297527,0.7376100031829175,"{'elasticnet__alpha': 0.01, 'elasticnet__l1_ratio': 0.5, 'pca__n_components': 64}"
4,ShorterThan1.2Kms,two_step_7_cat,svr,42,0.7389751569797606,0.7394800284152099,86.19086766460977,0.41534336072002775,0.7396761969955699,"{'pca__n_components': 42, 'svr__alpha': 0.040100000000000004, 'svr__loss': 'squared_loss', 'svr__max_iter': 10000, 'svr__penalty': 'l1'}"
0,ShorterThan1.2Kms,two_step_8_cat,knn,68,0.8370405203854625,0.8373635947146226,55.31974275905421,0.20959618865340862,0.8290137507004722,"{'knn__n_neighbors': 5, 'pca__n_components': 68}"
1,ShorterThan1.2Kms,two_step_8_cat,dtr,63,0.7306231104847689,0.7311571620052894,68.98010250954982,0.26178377342170095,0.7005671102871139,"{'dtr__criterion': 'mae', 'pca__n_components': 63}"
2,ShorterThan1.2Kms,two_step_8_cat,lasso,39,0.7389428788023472,0.7394604360165878,84.83457787044594,0.41644879204752094,0.7373360245466416,"{'lasso__alpha': 0.8600000000000001, 'pca__n_components': 39}"
3,ShorterThan1.2Kms,two_step_8_cat,elasticnet,36,0.7142044837228017,0.714771085892351,90.22506643802765,0.4558881727269883,0.7126382436978691,"{'elasticnet__alpha': 0.36000000000000004, 'elasticnet__l1_ratio': 0.9, 'pca__n_components': 36}"
4,ShorterThan1.2Kms,two_step_8_cat,svr,37,0.7156564604965583,0.7162201840583504,90.4148251854229,0.4586037187848684,0.7137282798622272,"{'pca__n_components': 37, 'svr__alpha': 0.040100000000000004, 'svr__loss': 'squared_loss', 'svr__max_iter': 10000, 'svr__penalty': 'l2'}"
0,ShorterThan1.2Kms,two_step_9_cat,knn,62,0.8421076693302109,0.8424283326549917,54.753943232919106,0.21050354004605767,0.8349707910907072,"{'knn__n_neighbors': 5, 'pca__n_components': 62}"
1,ShorterThan1.2Kms,two_step_9_cat,dtr,38,0.7398549341898755,0.740383262458729,67.57544364392437,0.258831660213251,0.7012351008908426,"{'dtr__criterion': 'friedman_mse', 'pca__n_components': 38}"
2,ShorterThan1.2Kms,two_step_9_cat,lasso,68,0.7539773451941865,0.7544769922772765,83.21293366182523,0.41235240012510205,0.7491341761537916,"{'lasso__alpha': 0.46, 'pca__n_components': 68}"
3,ShorterThan1.2Kms,two_step_9_cat,elasticnet,75,0.7505297810421065,0.751036429778657,83.90204239812984,0.41790765398189295,0.7483129343094075,"{'elasticnet__alpha': 0.01, 'elasticnet__l1_ratio': 0.4, 'pca__n_components': 75}"
4,ShorterThan1.2Kms,two_step_9_cat,svr,44,0.7511002568393562,0.7516057469973673,84.2316589126142,0.4222148522712012,0.749516124833033,"{'pca__n_components': 44, 'svr__alpha': 0.050100000000000006, 'svr__loss': 'squared_loss', 'svr__max_iter': 10000, 'svr__penalty': 'l1'}"
0,ShorterThan1.2Kms,two_step_10_cat,knn,77,0.841663147111975,0.8419923695521571,55.72546298534888,0.21628504711340263,0.8312054654341342,"{'knn__n_neighbors': 5, 'pca__n_components': 77}"
1,ShorterThan1.2Kms,two_step_10_cat,dtr,81,0.7495098883245004,0.7500307207416106,67.61925197040762,0.2618705392750057,0.7102656087029844,"{'dtr__criterion': 'mse', 'pca__n_components': 81}"
2,ShorterThan1.2Kms,two_step_10_cat,lasso,68,0.7332346284525267,0.7337893012591098,87.01700231186372,0.4333609513198157,0.7321827027140552,"{'lasso__alpha': 0.91, 'pca__n_components': 68}"
3,ShorterThan1.2Kms,two_step_10_cat,elasticnet,79,0.7419827678957978,0.7425192511036738,86.10095369107235,0.43026952150565295,0.7405736125596364,"{'elasticnet__alpha': 0.01, 'elasticnet__l1_ratio': 0.4, 'pca__n_components': 79}"
4,ShorterThan1.2Kms,two_step_10_cat,svr,39,0.6726550771639004,0.6733357102086504,99.72818475170205,0.5180210900983447,0.6713509695942822,"{'pca__n_components': 39, 'svr__alpha': 0.0901, 'svr__loss': 'squared_loss', 'svr__max_iter': 10000, 'svr__penalty': 'l2'}"
0,Between2KmsAnd25Kms,simple,knn,55,0.8055007525555151,0.8072267723672741,2197.342780205712,0.2611731278891289,0.7727007860129105,"{'knn__n_neighbors': 3, 'pca__n_components': 55}"
1,Between2KmsAnd25Kms,simple,dtr,47,0.7062817728497044,0.7088882789714355,2613.79711296517,0.2946905192913132,0.6649829090950915,"{'dtr__criterion': 'mse', 'pca__n_components': 47}"
2,Between2KmsAnd25Kms,simple,lasso,41,0.6408302393928769,0.6440175736923044,3374.199107537951,0.4721347139534068,0.6427903045141894,"{'lasso__alpha': 0.51, 'pca__n_components': 41}"
3,Between2KmsAnd25Kms,simple,elasticnet,58,0.6275943747022028,0.6308991663439183,3458.399517420583,0.4905713265272654,0.6359318669001295,"{'elasticnet__alpha': 0.01, 'elasticnet__l1_ratio': 0.4, 'pca__n_components': 58}"
4,Between2KmsAnd25Kms,simple,svr,32,0.6353396031846437,0.6385756623351906,3378.750243322123,0.46640536050553283,0.6292330470338122,"{'pca__n_components': 32, 'svr__alpha': 0.0801, 'svr__loss': 'squared_loss', 'svr__max_iter': 10000, 'svr__penalty': 'l1'}"
0,Between2KmsAnd25Kms,two_step_4_cat,knn,65,0.8964404703159877,0.897578939317812,1443.2610691740608,0.18303641496350406,0.8813464941571225,"{'knn__n_neighbors': 3, 'pca__n_components': 65}"
1,Between2KmsAnd25Kms,two_step_4_cat,dtr,77,0.8224787016364473,0.8244302602807089,1772.3094954310686,0.22836298376270822,0.8095188581361511,"{'dtr__criterion': 'mse', 'pca__n_components': 77}"
2,Between2KmsAnd25Kms,two_step_4_cat,lasso,52,0.8630041093210388,0.8645101568609532,1918.2273669524661,0.2828282730637759,0.8623059524474154,"{'lasso__alpha': 0.46, 'pca__n_components': 52}"
3,Between2KmsAnd25Kms,two_step_4_cat,elasticnet,68,0.8285119330198982,0.8303971660741166,2153.8883930206766,0.3328322558983776,0.8230814757049864,"{'elasticnet__alpha': 0.46, 'elasticnet__l1_ratio': 0.9, 'pca__n_components': 68}"
4,Between2KmsAnd25Kms,two_step_4_cat,svr,41,0.8605078819854437,0.8620413714947428,1940.0167706261168,0.28808123577964406,0.8565245414229659,"{'pca__n_components': 41, 'svr__alpha': 0.1301, 'svr__loss': 'squared_loss', 'svr__max_iter': 10000, 'svr__penalty': 'l1'}"
0,Between2KmsAnd25Kms,two_step_continuous,knn,51,0.9237493753008202,0.9244664341556073,1175.437204785238,0.14777327595167658,0.9063464298495536,"{'knn__n_neighbors': 3, 'pca__n_components': 51}"
1,Between2KmsAnd25Kms,two_step_continuous,dtr,54,0.867185621135691,0.8684346040362693,1482.3093629982784,0.18857036493630355,0.8530346212638009,"{'dtr__criterion': 'friedman_mse', 'pca__n_components': 54}"
2,Between2KmsAnd25Kms,two_step_continuous,lasso,40,0.8622458358805232,0.8635412723907858,1940.4353887857906,0.30819297778854643,0.8626739335341187,"{'lasso__alpha': 0.51, 'pca__n_components': 40}"
3,Between2KmsAnd25Kms,two_step_continuous,elasticnet,61,0.8542043348892303,0.8555753934617951,2006.8206842304653,0.31383132893810334,0.8509236853914419,"{'elasticnet__alpha': 0.01, 'elasticnet__l1_ratio': 0.4, 'pca__n_components': 61}"
4,Between2KmsAnd25Kms,two_step_continuous,svr,35,0.8615479439955457,0.8628499434626075,1950.7696874994094,0.30987730791194507,0.8558597983097134,"{'pca__n_components': 35, 'svr__alpha': 0.1401, 'svr__loss': 'squared_loss', 'svr__max_iter': 10000, 'svr__penalty': 'l1'}"
0,Between2KmsAnd25Kms,two_step_5_cat,knn,65,0.901618385912739,0.9028041775527311,1367.0643181918508,0.17469424138129683,0.888224073934381,"{'knn__n_neighbors': 3, 'pca__n_components': 65}"
1,Between2KmsAnd25Kms,two_step_5_cat,dtr,89,0.8323818610384013,0.8344021591371437,1716.396305125149,0.21906581904166092,0.8159089660287822,"{'dtr__criterion': 'mse', 'pca__n_components': 89}"
2,Between2KmsAnd25Kms,two_step_5_cat,lasso,50,0.8662385160671439,0.8678507405754736,1838.8057493343485,0.269951475219254,0.8658883249161107,"{'lasso__alpha': 0.46, 'pca__n_components': 50}"
3,Between2KmsAnd25Kms,two_step_5_cat,elasticnet,88,0.85999128832753,0.8616788105476882,1876.2009676077985,0.27600627565729857,0.8529853441427803,"{'elasticnet__alpha': 0.01, 'elasticnet__l1_ratio': 0.5, 'pca__n_components': 88}"
4,Between2KmsAnd25Kms,two_step_5_cat,svr,45,0.8620944013433783,0.8637565747841403,1864.0930688430228,0.27760350369336184,0.8627483731803738,"{'pca__n_components': 45, 'svr__alpha': 0.1301, 'svr__loss': 'squared_loss', 'svr__max_iter': 10000, 'svr__penalty': 'l1'}"
0,Between2KmsAnd25Kms,two_step_6_cat,knn,69,0.9062394019161124,0.9074191710310753,1328.7931399814595,0.16649507409308914,0.8938895652034635,"{'knn__n_neighbors': 3, 'pca__n_components': 69}"
1,Between2KmsAnd25Kms,two_step_6_cat,dtr,62,0.8568308371334723,0.8586323034211968,1591.2393722685738,0.19603719402594127,0.8062878910916051,"{'dtr__criterion': 'friedman_mse', 'pca__n_components': 62}"
2,Between2KmsAnd25Kms,two_step_6_cat,lasso,94,0.870092125172518,0.8717267275710094,1802.4953699649884,0.2640580274234193,0.8683337019639326,"{'lasso__alpha': 0.9600000000000001, 'pca__n_components': 94}"
3,Between2KmsAnd25Kms,two_step_6_cat,elasticnet,69,0.8387274134782503,0.8407566711894512,2014.9659235040644,0.30599192054060437,0.8350138303053749,"{'elasticnet__alpha': 0.36000000000000004, 'elasticnet__l1_ratio': 0.9, 'pca__n_components': 69}"
4,Between2KmsAnd25Kms,two_step_6_cat,svr,47,0.8602807339545403,0.8620387909445163,1864.1580355749663,0.2723306580552673,0.8554222823394859,"{'pca__n_components': 47, 'svr__alpha': 0.07010000000000001, 'svr__loss': 'squared_loss', 'svr__max_iter': 10000, 'svr__penalty': 'l1'}"
0,Between2KmsAnd25Kms,two_step_7_cat,knn,60,0.914932304806032,0.9160477620012907,1221.4391471328302,0.15719614153810438,0.9034649367755039,"{'knn__n_neighbors': 3, 'pca__n_components': 60}"
1,Between2KmsAnd25Kms,two_step_7_cat,dtr,94,0.8533225947003819,0.8552459143195424,1536.723943848497,0.19761828425329842,0.8197791034971027,"{'dtr__criterion': 'mse', 'pca__n_components': 94}"
2,Between2KmsAnd25Kms,two_step_7_cat,lasso,89,0.8904365536383622,0.8918732133986008,1588.1490816894382,0.2331041607563617,0.8904180309591948,"{'lasso__alpha': 0.46, 'pca__n_components': 89}"
3,Between2KmsAnd25Kms,two_step_7_cat,elasticnet,95,0.8798980026185768,0.881472850001459,1676.8325188039842,0.25042115907802875,0.8814195341395505,"{'elasticnet__alpha': 0.01, 'elasticnet__l1_ratio': 0.4, 'pca__n_components': 95}"
4,Between2KmsAnd25Kms,two_step_7_cat,svr,47,0.8659651032347853,0.8677226469142232,1762.866062321935,0.2651179015888247,0.8648705662478484,"{'pca__n_components': 47, 'svr__alpha': 0.0101, 'svr__loss': 'squared_loss', 'svr__max_iter': 10000, 'svr__penalty': 'l2'}"
0,Between2KmsAnd25Kms,two_step_8_cat,knn,74,0.9145285471450773,0.9156945815350186,1226.5080121838166,0.15400288102946327,0.9026964095322532,"{'knn__n_neighbors': 3, 'pca__n_components': 74}"
1,Between2KmsAnd25Kms,two_step_8_cat,dtr,76,0.8568692276252889,0.8588218725994076,1537.8776321017083,0.19267824635640493,0.8270521155645281,"{'dtr__criterion': 'friedman_mse', 'pca__n_components': 76}"
2,Between2KmsAnd25Kms,two_step_8_cat,lasso,95,0.8895411030950936,0.891048025794591,1659.9828097571958,0.24663947362805097,0.891875887650083,"{'lasso__alpha': 0.36000000000000004, 'pca__n_components': 95}"
3,Between2KmsAnd25Kms,two_step_8_cat,elasticnet,96,0.8453697013996162,0.847479227327542,2025.1485446659856,0.302536675907173,0.851645647384001,"{'elasticnet__alpha': 0.46, 'elasticnet__l1_ratio': 0.9, 'pca__n_components': 96}"
4,Between2KmsAnd25Kms,two_step_8_cat,svr,51,0.8648557439528188,0.8666994338035288,1813.9811965659694,0.2744079737084483,0.8633171490770235,"{'pca__n_components': 51, 'svr__alpha': 0.18009999999999998, 'svr__loss': 'squared_loss', 'svr__max_iter': 10000, 'svr__penalty': 'l1'}"
0,Between2KmsAnd25Kms,two_step_9_cat,knn,72,0.9220627412525518,0.9231672825354627,1198.195382510043,0.15543148517511424,0.9084863329871864,"{'knn__n_neighbors': 3, 'pca__n_components': 72}"
1,Between2KmsAnd25Kms,two_step_9_cat,dtr,48,0.8498414256882195,0.8519695008473401,1584.433187657264,0.20243446029899273,0.8208703591982685,"{'dtr__criterion': 'mse', 'pca__n_components': 48}"
2,Between2KmsAnd25Kms,two_step_9_cat,lasso,106,0.89539753615773,0.8968799816717861,1604.5105017160067,0.24053326535710054,0.8958991385263697,"{'lasso__alpha': 0.060000000000000005, 'pca__n_components': 106}"
3,Between2KmsAnd25Kms,two_step_9_cat,elasticnet,84,0.8809367542291017,0.8826241406261197,1700.511267233389,0.2575571765109467,0.8794433056089475,"{'elasticnet__alpha': 0.01, 'elasticnet__l1_ratio': 0.0, 'pca__n_components': 84}"
4,Between2KmsAnd25Kms,two_step_9_cat,svr,51,0.8657679996569448,0.8676703604565087,1798.4916070055579,0.2712372376510612,0.8651517442089385,"{'pca__n_components': 51, 'svr__alpha': 0.0201, 'svr__loss': 'squared_loss', 'svr__max_iter': 10000, 'svr__penalty': 'elasticnet'}"
0,Between2KmsAnd25Kms,two_step_10_cat,knn,105,0.9228249095846849,0.9239595367417842,1162.993378360482,0.14932963457318954,0.9056414885938939,"{'knn__n_neighbors': 3, 'pca__n_components': 105}"
1,Between2KmsAnd25Kms,two_step_10_cat,dtr,56,0.8513348820071388,0.8535205546027954,1520.959806648126,0.19404821341645523,0.8319042320732007,"{'dtr__criterion': 'mse', 'pca__n_components': 56}"
2,Between2KmsAnd25Kms,two_step_10_cat,lasso,109,0.8933232076962279,0.8948915684837403,1592.5522479324216,0.24027088523498732,0.8941947117751277,"{'lasso__alpha': 0.9600000000000001, 'pca__n_components': 109}"
3,Between2KmsAnd25Kms,two_step_10_cat,elasticnet,79,0.8819045432250294,0.8836407810663568,1674.7435093927602,0.2536665656210603,0.8789839690420667,"{'elasticnet__alpha': 0.01, 'elasticnet__l1_ratio': 0.4, 'pca__n_components': 79}"
4,Between2KmsAnd25Kms,two_step_10_cat,svr,55,0.8631042247328742,0.8651168646076624,1788.9262570485744,0.27114945780199456,0.8640693685258304,"{'pca__n_components': 55, 'svr__alpha': 0.0601, 'svr__loss': 'squared_loss', 'svr__max_iter': 10000, 'svr__penalty': 'l1'}"
0,ExecutedMoreThan3Ktimes,simple,knn,16,0.9471919972748128,0.9472323703655814,1066.07938988234,0.4001287150006435,0.9307751415764328,"{'knn__n_neighbors': 5, 'pca__n_components': 16}"
1,ExecutedMoreThan3Ktimes,simple,dtr,38,0.91748714851169,0.9175502317314823,1316.5029461671857,0.4974839896681875,0.9046473177465527,"{'dtr__criterion': 'friedman_mse', 'pca__n_components': 38}"
2,ExecutedMoreThan3Ktimes,simple,lasso,31,0.7551547142564042,0.7553419048418352,3347.574717622598,8.185091242491081,0.7553104430616107,"{'lasso__alpha': 0.91, 'pca__n_components': 31}"
3,ExecutedMoreThan3Ktimes,simple,elasticnet,29,0.7525732513021566,0.7527624154831183,3300.164609147755,7.978359551573138,0.7523690602938466,"{'elasticnet__alpha': 0.060000000000000005, 'elasticnet__l1_ratio': 0.7000000000000001, 'pca__n_components': 29}"
4,ExecutedMoreThan3Ktimes,simple,svr,23,0.7536148145667889,0.7538031824455604,3259.200346485105,7.65656092684788,0.7540609429115464,"{'pca__n_components': 23, 'svr__alpha': 0.0801, 'svr__loss': 'squared_loss', 'svr__max_iter': 10000, 'svr__penalty': 'l1'}"
0,ExecutedMoreThan3Ktimes,two_step_4_cat,knn,23,0.9496568768058543,0.9497075691429261,990.2326539745286,0.28322514384472797,0.9400740419765413,"{'knn__n_neighbors': 3, 'pca__n_components': 23}"
1,ExecutedMoreThan3Ktimes,two_step_4_cat,dtr,11,0.9145142757728055,0.9146003544837078,1239.1565011467676,0.35750334363625763,0.9020197827385583,"{'dtr__criterion': 'mse', 'pca__n_components': 11}"
2,ExecutedMoreThan3Ktimes,two_step_4_cat,lasso,23,0.768887648054979,0.7691203635581683,3025.548603653862,8.046442293071193,0.7678192618714395,"{'lasso__alpha': 0.46, 'pca__n_components': 23}"
3,ExecutedMoreThan3Ktimes,two_step_4_cat,elasticnet,34,0.7525335185577059,0.7527827016336716,3001.1714676600927,8.149214142990278,0.7495565329808186,"{'elasticnet__alpha': 0.51, 'elasticnet__l1_ratio': 0.6000000000000001, 'pca__n_components': 34}"
4,ExecutedMoreThan3Ktimes,two_step_4_cat,svr,30,0.7827790212860279,0.7829977490560465,3086.0281507560244,8.189814999862389,0.7808281215796428,"{'pca__n_components': 30, 'svr__alpha': 0.0601, 'svr__loss': 'squared_loss', 'svr__max_iter': 10000, 'svr__penalty': 'l1'}"
0,ExecutedMoreThan3Ktimes,two_step_continuous,knn,24,0.9721604208437843,0.9721837814215054,706.352826404981,0.21073015486220203,0.9467874484711081,"{'knn__n_neighbors': 11, 'pca__n_components': 24}"
1,ExecutedMoreThan3Ktimes,two_step_continuous,dtr,35,0.9734947175875749,0.9735169585383573,661.0007272184826,0.2544611104507238,0.9601205001166377,"{'dtr__criterion': 'mse', 'pca__n_components': 35}"
2,ExecutedMoreThan3Ktimes,two_step_continuous,lasso,17,0.7532569356016356,0.7534639811356464,3093.0064744697547,7.528521623828399,0.7508673747754098,"{'lasso__alpha': 0.81, 'pca__n_components': 17}"
3,ExecutedMoreThan3Ktimes,two_step_continuous,elasticnet,44,0.7768937958692546,0.7770810073853633,3096.7344277788497,7.963335951183911,0.7753656005189467,"{'elasticnet__alpha': 0.060000000000000005, 'elasticnet__l1_ratio': 0.8, 'pca__n_components': 44}"
4,ExecutedMoreThan3Ktimes,two_step_continuous,svr,24,0.7602193214743234,0.7604205247736009,3015.627788916426,7.147506484919463,0.7576208121839871,"{'pca__n_components': 24, 'svr__alpha': 0.1201, 'svr__loss': 'squared_loss', 'svr__max_iter': 10000, 'svr__penalty': 'l2'}"
0,ExecutedMoreThan3Ktimes,two_step_5_cat,knn,59,0.9496681177324777,0.9497253685122629,952.0969562487957,0.2385394989455766,0.943379813337528,"{'knn__n_neighbors': 3, 'pca__n_components': 59}"
1,ExecutedMoreThan3Ktimes,two_step_5_cat,dtr,50,0.9227945614636162,0.9228823799866026,1145.7174756195343,0.2783295706287039,0.9136550466168119,"{'dtr__criterion': 'friedman_mse', 'pca__n_components': 50}"
2,ExecutedMoreThan3Ktimes,two_step_5_cat,lasso,24,0.7758771076164565,0.7761320396749967,3199.0223446729456,9.942309862724981,0.7739145672015975,"{'lasso__alpha': 0.9600000000000001, 'pca__n_components': 24}"
3,ExecutedMoreThan3Ktimes,two_step_5_cat,elasticnet,48,0.8019866841867125,0.8022119175026037,2788.1497020430943,7.316430518463967,0.800305194717876,"{'elasticnet__alpha': 0.01, 'elasticnet__l1_ratio': 0.5, 'pca__n_components': 48}"
4,ExecutedMoreThan3Ktimes,two_step_5_cat,svr,33,0.8014495144069229,0.8016753587349079,2786.391054751674,7.15325687984775,0.8001270056863616,"{'pca__n_components': 33, 'svr__alpha': 0.0301, 'svr__loss': 'squared_loss', 'svr__max_iter': 10000, 'svr__penalty': 'l1'}"
0,ExecutedMoreThan3Ktimes,two_step_6_cat,knn,46,0.9466863569263942,0.9467499817708172,999.4515529533151,0.22889970452595465,0.939070342403602,"{'knn__n_neighbors': 3, 'pca__n_components': 46}"
1,ExecutedMoreThan3Ktimes,two_step_6_cat,dtr,14,0.9046392044407663,0.9047530086273067,1245.506227973671,0.2884990712240855,0.8811287038276687,"{'dtr__criterion': 'friedman_mse', 'pca__n_components': 14}"
2,ExecutedMoreThan3Ktimes,two_step_6_cat,lasso,34,0.7938203826458055,0.7940664387267831,2762.166166326586,6.355272576329344,0.7908135346381033,"{'lasso__alpha': 0.7100000000000001, 'pca__n_components': 34}"
3,ExecutedMoreThan3Ktimes,two_step_6_cat,elasticnet,47,0.7836377526490232,0.783895960746108,2614.5726353739387,5.565038813149591,0.7807701779760681,"{'elasticnet__alpha': 0.060000000000000005, 'elasticnet__l1_ratio': 0.2, 'pca__n_components': 47}"
4,ExecutedMoreThan3Ktimes,two_step_6_cat,svr,35,0.7928440376066648,0.7930912588640895,2864.1148419372885,6.870507705618357,0.7904727718478841,"{'pca__n_components': 35, 'svr__alpha': 0.18009999999999998, 'svr__loss': 'squared_loss', 'svr__max_iter': 10000, 'svr__penalty': 'l1'}"
0,ExecutedMoreThan3Ktimes,two_step_7_cat,knn,11,0.9298625246434673,0.9299501507128506,1081.2418840552687,0.2899303419827189,0.9248556528689964,"{'knn__n_neighbors': 1, 'pca__n_components': 11}"
1,ExecutedMoreThan3Ktimes,two_step_7_cat,dtr,15,0.9179769337455539,0.9180794090464983,1174.835853735852,0.3111306519732916,0.9042614574534299,"{'dtr__criterion': 'mse', 'pca__n_components': 15}"
2,ExecutedMoreThan3Ktimes,two_step_7_cat,lasso,22,0.7805383924280626,0.7808125762071951,2865.0303765595604,7.245890555299652,0.7783004034282721,"{'lasso__alpha': 0.01, 'pca__n_components': 22}"
3,ExecutedMoreThan3Ktimes,two_step_7_cat,elasticnet,55,0.7893169458843848,0.7895801622009685,2506.700851469974,5.624645771747637,0.7867736988434779,"{'elasticnet__alpha': 0.41000000000000003, 'elasticnet__l1_ratio': 0.8, 'pca__n_components': 55}"
4,ExecutedMoreThan3Ktimes,two_step_7_cat,svr,36,0.8062079866761537,0.8064501002155864,2539.7532430838082,5.771176541646222,0.8020113266625422,"{'pca__n_components': 36, 'svr__alpha': 0.0001, 'svr__loss': 'squared_loss', 'svr__max_iter': 10000, 'svr__penalty': 'elasticnet'}"
0,ExecutedMoreThan3Ktimes,two_step_8_cat,knn,50,0.9655021297773896,0.965546516162214,819.4409234875585,0.2383405876130631,0.9608795169079785,"{'knn__n_neighbors': 7, 'pca__n_components': 50}"
1,ExecutedMoreThan3Ktimes,two_step_8_cat,dtr,62,0.9358400115753533,0.935922562466703,1054.741856085327,0.2998473376570779,0.9210659015240524,"{'dtr__criterion': 'mae', 'pca__n_components': 62}"
2,ExecutedMoreThan3Ktimes,two_step_8_cat,lasso,41,0.8704186639470349,0.8705853886465884,2203.3346886033655,4.744661950354962,0.8685707869708756,"{'lasso__alpha': 0.81, 'pca__n_components': 41}"
3,ExecutedMoreThan3Ktimes,two_step_8_cat,elasticnet,47,0.8657380830422987,0.865910829970584,2193.6746581705697,4.719699420614426,0.8633021223085601,"{'elasticnet__alpha': 0.01, 'elasticnet__l1_ratio': 0.6000000000000001, 'pca__n_components': 47}"
4,ExecutedMoreThan3Ktimes,two_step_8_cat,svr,39,0.8303565093193099,0.8305747796418461,2712.516351912853,7.1856298552894,0.8287595817599938,"{'pca__n_components': 39, 'svr__alpha': 0.0901, 'svr__loss': 'squared_loss', 'svr__max_iter': 10000, 'svr__penalty': 'l1'}"
0,ExecutedMoreThan3Ktimes,two_step_9_cat,knn,39,0.961051389600094,0.9611029550386408,883.5126455213909,0.22937398607935738,0.9555428038675424,"{'knn__n_neighbors': 3, 'pca__n_components': 39}"
1,ExecutedMoreThan3Ktimes,two_step_9_cat,dtr,24,0.9358613101478719,0.9359462256207499,1105.6076656286712,0.3004425011683852,0.9132276317932144,"{'dtr__criterion': 'mse', 'pca__n_components': 24}"
2,ExecutedMoreThan3Ktimes,two_step_9_cat,lasso,31,0.8062576820055506,0.8065141842912522,2710.6559993964206,7.566743593110091,0.8017892135203455,"{'lasso__alpha': 0.01, 'pca__n_components': 31}"
3,ExecutedMoreThan3Ktimes,two_step_9_cat,elasticnet,56,0.8377403564832707,0.8379551777462245,2352.218757990632,5.339478129972317,0.8347313237532581,"{'elasticnet__alpha': 0.060000000000000005, 'elasticnet__l1_ratio': 0.7000000000000001, 'pca__n_components': 56}"
4,ExecutedMoreThan3Ktimes,two_step_9_cat,svr,40,0.8308198225450233,0.8310438061468601,2610.6921070917256,6.388395900414601,0.8283152662646689,"{'pca__n_components': 40, 'svr__alpha': 0.0101, 'svr__loss': 'squared_loss', 'svr__max_iter': 10000, 'svr__penalty': 'elasticnet'}"
0,ExecutedMoreThan3Ktimes,two_step_10_cat,knn,56,0.9648646442800929,0.9649131267206701,807.8893571264304,0.22730562732048726,0.9595681251231996,"{'knn__n_neighbors': 3, 'pca__n_components': 56}"
1,ExecutedMoreThan3Ktimes,two_step_10_cat,dtr,14,0.936428769125926,0.9365164895534019,1046.8620242779093,0.3357059617962664,0.9130783763539142,"{'dtr__criterion': 'friedman_mse', 'pca__n_components': 14}"
2,ExecutedMoreThan3Ktimes,two_step_10_cat,lasso,30,0.8013750374638193,0.8016491153191874,2705.6395975641053,7.006639325956814,0.798322625963275,"{'lasso__alpha': 0.8600000000000001, 'pca__n_components': 30}"
3,ExecutedMoreThan3Ktimes,two_step_10_cat,elasticnet,65,0.757919611116125,0.7582536520793794,2836.795197424074,6.628720376170697,0.7548555048043724,"{'elasticnet__alpha': 0.41000000000000003, 'elasticnet__l1_ratio': 0.30000000000000004, 'pca__n_components': 65}"
4,ExecutedMoreThan3Ktimes,two_step_10_cat,svr,41,0.8417331541075348,0.8419515427589117,2734.25638343597,6.949242348623979,0.8397496004817644,"{'pca__n_components': 41, 'svr__alpha': 0.1101, 'svr__loss': 'squared_loss', 'svr__max_iter': 10000, 'svr__penalty': 'l1'}"
0,All,simple,knn,47,0.9304975840916032,0.9305898516596349,2455.1397592522826,0.4262480476074824,0.7028569940987979,"{'knn__n_neighbors': 5, 'pca__n_components': 47}"
1,All,simple,dtr,68,0.9281255873249749,0.9282210038248843,2578.4478409845183,0.48187174440356845,0.9294552230282711,"{'dtr__criterion': 'mse', 'pca__n_components': 68}"
2,All,simple,lasso,45,0.48446794677155036,0.48515233864731555,10231.825417752474,16.71694378141753,0.5355272804681566,"{'lasso__alpha': 0.8600000000000001, 'pca__n_components': 45}"
3,All,simple,elasticnet,72,0.052529516043174906,0.053787325519203844,14509.743272925905,29.89613042193723,0.040803435878795424,"{'elasticnet__alpha': 0.46, 'elasticnet__l1_ratio': 0.0, 'pca__n_components': 72}"
4,All,simple,svr,34,0.06278317489211649,0.06402737217707188,21853.983856921663,67.97515577090874,0.08926422634764075,"{'pca__n_components': 34, 'svr__alpha': 0.1401, 'svr__loss': 'squared_loss', 'svr__max_iter': 10000, 'svr__penalty': 'l1'}"
0,All,two_step_4_cat,knn,57,0.7226366124666386,0.723069510724961,3303.6824115434524,0.2772906701763213,0.5748860755053514,"{'knn__n_neighbors': 9, 'pca__n_components': 57}"
1,All,two_step_4_cat,dtr,83,0.800479039882692,0.8007904446318973,2829.624508906948,0.32058620160650547,0.6897516203421452,"{'dtr__criterion': 'mse', 'pca__n_components': 83}"
2,All,two_step_4_cat,lasso,54,0.48456779619247736,0.48537226323225446,10915.204294388319,20.701271606622687,0.5353717988582773,"{'lasso__alpha': 0.060000000000000005, 'pca__n_components': 54}"
3,All,two_step_4_cat,elasticnet,82,0.06745730520035176,0.06891278247866195,17357.314637505206,41.6416608134401,0.051452524321025817,"{'elasticnet__alpha': 0.46, 'elasticnet__l1_ratio': 0.8, 'pca__n_components': 82}"
4,All,two_step_4_cat,svr,39,0.08164109757844495,0.08307443733142617,27347.004591148972,81.00962882685062,0.06996490588512772,"{'pca__n_components': 39, 'svr__alpha': 0.1401, 'svr__loss': 'squared_loss', 'svr__max_iter': 10000, 'svr__penalty': 'l1'}"
0,All,two_step_continuous,knn,59,0.6400655943171717,0.6405692519477422,3293.2626583362285,0.23766423907850145,0.5422800726016543,"{'knn__n_neighbors': 11, 'pca__n_components': 59}"
1,All,two_step_continuous,dtr,58,0.9880239514250235,0.9880407095569321,1230.0542579337316,0.2616218733873245,0.5789820179059599,"{'dtr__criterion': 'mse', 'pca__n_components': 58}"
2,All,two_step_continuous,lasso,20,0.06371586545582253,0.06502601153049603,20752.66157488982,58.094215092306236,0.03646540437023377,"{'lasso__alpha': 0.8600000000000001, 'pca__n_components': 20}"
3,All,two_step_continuous,elasticnet,70,0.055659646563248066,0.05698106573672712,15705.166704845222,32.65173435584915,0.04809060538062271,"{'elasticnet__alpha': 0.51, 'elasticnet__l1_ratio': 0.30000000000000004, 'pca__n_components': 70}"
4,All,two_step_continuous,svr,41,0.010911741233970651,0.012295776327504337,12062.40260986283,25.775101659864927,0.04004596699870694,"{'pca__n_components': 41, 'svr__alpha': 0.0801, 'svr__loss': 'squared_loss', 'svr__max_iter': 10000, 'svr__penalty': 'l2'}"
0,All,two_step_5_cat,knn,84,0.5147483898041639,0.5155753946294053,3940.949371221499,0.2673595783239669,0.4298773407704126,"{'knn__n_neighbors': 15, 'pca__n_components': 84}"
1,All,two_step_5_cat,dtr,85,0.8772777576923279,0.877486910808815,2261.724055038301,0.28390865210365396,0.9166386337739325,"{'dtr__criterion': 'friedman_mse', 'pca__n_components': 85}"
2,All,two_step_5_cat,lasso,9,0.06112804865474564,0.06272814975226282,15690.549694988815,24.891341603829588,0.03495906669939641,"{'lasso__alpha': 0.11, 'pca__n_components': 9}"
3,All,two_step_5_cat,elasticnet,86,0.0786529737349777,0.08022320744555822,18890.641875583726,46.8609531157396,0.0729979418505024,"{'elasticnet__alpha': 0.36000000000000004, 'elasticnet__l1_ratio': 0.9, 'pca__n_components': 86}"
4,All,two_step_5_cat,svr,51,0.031036446511905735,0.03268783213820847,14768.273719484996,36.96829449579478,0.05302962926482674,"{'pca__n_components': 51, 'svr__alpha': 0.1901, 'svr__loss': 'squared_loss', 'svr__max_iter': 10000, 'svr__penalty': 'elasticnet'}"
0,All,two_step_6_cat,knn,94,0.6398502382645685,0.6404769564822201,3533.5766790122852,0.2616651511663437,0.5312676687718264,"{'knn__n_neighbors': 11, 'pca__n_components': 94}"
1,All,two_step_6_cat,dtr,74,0.9436173731777775,0.9437154879709632,2241.79533753117,0.2917210377472413,0.979861116890713,"{'dtr__criterion': 'friedman_mse', 'pca__n_components': 74}"
2,All,two_step_6_cat,lasso,61,0.48531438867413457,0.4862100239993581,11815.009474045959,23.273759053852483,0.5360032198752538,"{'lasso__alpha': 0.76, 'pca__n_components': 61}"
3,All,two_step_6_cat,elasticnet,81,0.2782611897012668,0.2795171307259695,20103.656801262325,51.396081042102026,0.34158970913317416,"{'elasticnet__alpha': 0.01, 'elasticnet__l1_ratio': 0.9, 'pca__n_components': 81}"
4,All,two_step_6_cat,svr,53,0.14009126862420085,0.14158764742193775,27446.253325862373,76.29408659983517,0.1337610832059532,"{'pca__n_components': 53, 'svr__alpha': 0.0801, 'svr__loss': 'squared_loss', 'svr__max_iter': 10000, 'svr__penalty': 'l1'}"
0,All,two_step_7_cat,knn,61,0.8294766166623903,0.8297825321001887,2668.953067777889,0.2502340817914093,0.6005700519726885,"{'knn__n_neighbors': 7, 'pca__n_components': 61}"
1,All,two_step_7_cat,dtr,84,0.9529811588417999,0.9530655096744901,1981.5375024666773,0.3078734862861062,0.6588812238357789,"{'dtr__criterion': 'friedman_mse', 'pca__n_components': 84}"
2,All,two_step_7_cat,lasso,90,0.48634772809857907,0.4872692096957615,11712.305811867805,24.856515574299745,0.5374902218679065,"{'lasso__alpha': 0.8600000000000001, 'pca__n_components': 90}"
3,All,two_step_7_cat,elasticnet,77,0.11130685420336461,0.11290115140439194,20950.0102083137,52.005478518162384,0.11667665074772504,"{'elasticnet__alpha': 0.01, 'elasticnet__l1_ratio': 0.0, 'pca__n_components': 77}"
4,All,two_step_7_cat,svr,52,0.07179389702301864,0.07345907965546272,20572.148718043867,59.29413323553151,0.040100007116211034,"{'pca__n_components': 52, 'svr__alpha': 0.07010000000000001, 'svr__loss': 'squared_loss', 'svr__max_iter': 10000, 'svr__penalty': 'elasticnet'}"
0,All,two_step_8_cat,knn,85,0.9305770031905125,0.9307040374855605,2160.0360726907415,0.22181510961173112,0.6872610609755293,"{'knn__n_neighbors': 5, 'pca__n_components': 85}"
1,All,two_step_8_cat,dtr,88,0.9574432305372552,0.957521103424579,1935.7845648781013,0.28574156712282656,0.41772642882165634,"{'dtr__criterion': 'mae', 'pca__n_components': 88}"
2,All,two_step_8_cat,lasso,92,0.4854769501892,0.4864184548191146,11557.050036824505,25.32842039695815,0.5363259397577265,"{'lasso__alpha': 0.9600000000000001, 'pca__n_components': 92}"
3,All,two_step_8_cat,elasticnet,29,0.04971969089096562,0.051458569860667436,14188.907079254765,26.11241294187478,0.04467014131693564,"{'elasticnet__alpha': 0.51, 'elasticnet__l1_ratio': 0.0, 'pca__n_components': 29}"
4,All,two_step_8_cat,svr,51,0.07833604572041208,0.08002256079587622,28490.795417850695,62.64853791511188,0.07748510755375249,"{'pca__n_components': 51, 'svr__alpha': 0.1101, 'svr__loss': 'squared_loss', 'svr__max_iter': 10000, 'svr__penalty': 'l1'}"
0,All,two_step_9_cat,knn,73,0.8297403964486575,0.8300611107820666,2636.276534401501,0.23454773568181833,0.6009096128346896,"{'knn__n_neighbors': 7, 'pca__n_components': 73}"
1,All,two_step_9_cat,dtr,86,0.9640239436134914,0.9640917109329379,2055.0639990671475,0.30911540296885226,0.8724201905621796,"{'dtr__criterion': 'mae', 'pca__n_components': 86}"
2,All,two_step_9_cat,lasso,36,0.06570754459003125,0.06746745108456043,23120.556429612167,57.63222286523434,0.04075456876493733,"{'lasso__alpha': 0.7100000000000001, 'pca__n_components': 36}"
3,All,two_step_9_cat,elasticnet,86,0.051717339064456525,0.053503598606601255,13847.596093687098,25.561593786325894,0.0511829294660035,"{'elasticnet__alpha': 0.51, 'elasticnet__l1_ratio': 0.0, 'pca__n_components': 86}"
4,All,two_step_9_cat,svr,55,0.09423436686049447,0.0959405379967947,28684.534251351713,67.92742131712184,0.06533943481857546,"{'pca__n_components': 55, 'svr__alpha': 0.0001, 'svr__loss': 'squared_loss', 'svr__max_iter': 10000, 'svr__penalty': 'l1'}"
0,All,two_step_10_cat,knn,105,0.9742058310750451,0.9742558072194945,1672.2859910661427,0.2473936528539286,0.9100284430567165,"{'knn__n_neighbors': 1, 'pca__n_components': 105}"
1,All,two_step_10_cat,dtr,101,0.9736028206194918,0.9736539650953465,1646.2258758947312,0.28051069632973397,0.901284419123147,"{'dtr__criterion': 'mae', 'pca__n_components': 101}"
2,All,two_step_10_cat,lasso,33,0.06289511874354237,0.06471075734954312,21585.637102007295,54.895851956312235,0.03797722037767953,"{'lasso__alpha': 0.9600000000000001, 'pca__n_components': 33}"
3,All,two_step_10_cat,elasticnet,95,0.06463946344420957,0.06645172238626451,16266.620928244547,32.57342149479714,0.04416467020981896,"{'elasticnet__alpha': 0.36000000000000004, 'elasticnet__l1_ratio': 0.6000000000000001, 'pca__n_components': 95}"
4,All,two_step_10_cat,svr,48,0.041947628110615365,0.04380385243274332,32860.51567817533,113.08012403211909,0.05014542357934437,"{'pca__n_components': 48, 'svr__alpha': 0.15009999999999998, 'svr__loss': 'squared_loss', 'svr__max_iter': 10000, 'svr__penalty': 'l2'}"
