,workflowName,size,executable,args,inputs,outputs,name,cpu.manufacturer,cpu.brand,cpu.speed,cpu.cores,cpu.physicalCores,cpu.processors,mem.total,mem.free,mem.used,mem.active,mem.available,mem.buffers,mem.cached,mem.slab,mem.buffcache,mem.swaptotal,mem.swapused,mem.swapfree,total_cpus,avg_cpus,avg_pods,total_ram_available,average_ram_available,read_sum,write_sum,cpu_max,cpu_mean,memory_mean,memory_max,execTimeMs
35870,montage2,0.01,mConcatFit,3,2,1,mConcatFit,Intel®,Xeon®,2.8,4,4,1,16824102912,13276942336,3547160576,1187057664,15637045248,268955648,2074460160,417390592,2760806400,0,0,0,15.68,3.92,110.0,54565744000,13641436000.0,0.175,0.209375,0.209375,0.209375,0.36875,0.36875,126.0
21885,montage2,0.25,mConcatFit,3,142,1,mConcatFit,Intel®,Xeon®,2.2,4,4,1,16824102912,12685430784,4138672128,1437712384,15386390528,294596608,2246336512,601333760,3142266880,0,0,0,23.520000000000003,3.92,110.0,81848616000,13641436000.0,0.41875,0.41875,0.753125,0.559375,0.64375,0.65625,3610.0
48322,montage2,1.0,mConcatFit,3,1138,1,mConcatFit,Intel®,Xeon®,3.1,4,4,1,16824107008,9496289280,7327817728,1455312896,15368794112,348803072,4760027136,1244852224,6353682432,0,0,0,19.6,3.92,110.0,68207180000,13641436000.0,0.88125,0.88125,0.80625,0.9375,0.89375,0.728125,39349.0
19462,montage,0.25,mConcatFit,3,18,1,mConcatFit,Intel®,Xeon® Platinum 8259CL,2.5,2,1,1,8257200128,6178562048,2078638080,683200512,7573999616,2768896,1562300416,191541248,1756610560,0,0,0,7.72,1.93,30.5,25340644000,6335161000.0,0.175,0.209375,0.209375,0.209375,0.284375,0.240625,679.0
81443,montage2,0.01,mConcatFit,3,2,1,mConcatFit,Intel®,Xeon®,3.1,4,4,1,16824107008,12225794048,4598312960,1104769024,15719337984,142864384,3357163520,394805248,3894833152,0,0,0,19.6,3.92,110.0,68207180000,13641436000.0,0.175,0.209375,0.209375,0.209375,0.40625,0.40625,100.0
15590,montage,2.0,mConcatFit,3,863,1,mConcatFit,Intel®,Xeon® Platinum 8259CL,2.5,8,4,1,33359015936,30273249280,3085766656,1314201600,32044814336,2768896,1732968448,684478464,2420215808,0,0,0,17.75,5.916666666666667,44.333333333333336,66543572000,22181190666.666668,0.6875,0.6875,0.5625,0.7375,0.24375,0.290625,8866.0
12944,montage2,0.25,mConcatFit,3,142,1,mConcatFit,Intel®,Xeon® Platinum 8175M,2.5,8,8,1,33359015936,28222083072,5136932864,1400291328,31958724608,2768896,3347345408,985292800,4335407104,0,0,0,17.75,5.916666666666667,44.333333333333336,66543572000,22181190666.666668,0.175,0.209375,0.209375,0.209375,0.43125,0.43125,1981.0
27113,montage,0.25,mConcatFit,3,18,1,mConcatFit,AMD,EPYC 7B12,2.25,4,2,1,16824102912,11484749824,5339353088,1355997184,15468105728,317104128,3355553792,722448384,4395106304,0,0,0,13.69,3.4225,110.0,47131832000,11782958000.0,0.378125,0.209375,0.209375,0.209375,0.284375,0.240625,157.0
2258,montage2,1.0,mConcatFit,3,1138,1,mConcatFit,Intel®,Xeon® Platinum 8175M,2.5,8,8,1,33359015936,27360542720,5998473216,2127302656,31231713280,2768896,2596327424,2075385856,4674482176,0,0,0,17.75,5.916666666666667,44.333333333333336,66543572000,22181190666.666668,0.7375,0.73125,0.5125,0.7625,0.76875,1.0,13780.0
67966,montage,2.0,mConcatFit,3,863,1,mConcatFit,AMD,EPYC 7B12,2.25,4,2,1,16824102912,10091888640,6732214272,1343365120,15480737792,324730880,4752846848,734588928,5812166656,0,0,0,13.69,3.4225,110.0,47131832000,11782958000.0,0.74375,0.75,0.6,0.81875,0.025,0.15625,21660.0
39817,montage,0.25,mConcatFit,3,18,1,mConcatFit,AMD,EPYC 7B12,2.25,4,2,1,16824102912,14330576896,2493526016,1080016896,15744086016,66949120,1511526400,243519488,1821995008,0,0,0,13.69,3.4225,110.0,47131832000,11782958000.0,0.175,0.209375,0.209375,0.209375,0.16875,0.1,125.0
80746,montage,0.25,mConcatFit,3,18,1,mConcatFit,Intel®,Xeon®,2.0,2,1,1,4140879872,1738924032,2401955840,851390464,3289489408,72470528,1588084736,210939904,1871495168,0,0,0,9.71,2.4275,110.0,22335336000,5583834000.0,0.175,0.209375,0.209375,0.209375,0.2,0.13125,211.0
20801,montage2,0.25,mConcatFit,3,142,1,mConcatFit,Intel®,Xeon®,3.1,4,4,1,16824107008,8489848832,8334258176,1192456192,15631650816,306327552,6578241536,657104896,7541673984,0,0,0,19.6,3.92,110.0,68207180000,13641436000.0,0.175,0.209375,0.209375,0.209375,0.353125,0.353125,1820.0
27552,montage2,0.01,mConcatFit,3,2,1,mConcatFit,Intel®,Xeon® Platinum 8175M,2.5,2,2,1,8257200128,4169744384,4087455744,1060442112,7196758016,2768896,2854912000,644153344,3501834240,0,0,0,7.72,1.93,30.5,25340644000,6335161000.0,0.175,0.209375,0.209375,0.209375,0.39375,0.39375,223.0
28120,montage2,0.25,mConcatFit,3,142,1,mConcatFit,Intel®,Xeon®,2.2,4,4,1,15767138304,11680452608,4086685696,1170989056,14596149248,249430016,2614415360,453472256,3317317632,0,0,0,23.520000000000003,3.92,110.0,77133096000,12855516000.0,0.51875,0.5125,0.7125,0.525,0.69375,0.746875,2535.0
67769,montage2,0.01,mConcatFit,3,2,1,mConcatFit,AMD,EPYC 7B12,2.25,4,4,1,16824102912,13131005952,3693096960,1193771008,15630331904,270704640,2203250688,425037824,2898993152,0,0,0,13.69,3.4225,110.0,47131832000,11782958000.0,0.175,0.209375,0.209375,0.209375,0.125,0.075,351.0
55289,montage2,0.01,mConcatFit,3,2,1,mConcatFit,Intel®,Xeon®,2.8,4,4,1,16824102912,12787769344,4036333568,1376534528,15447568384,270041088,2357432320,441716736,3069190144,0,0,0,12.7,3.175,110.0,43822280000,10955570000.0,0.175,0.209375,0.209375,0.209375,0.515625,0.515625,151.0
80418,montage2,0.25,mConcatFit,3,142,1,mConcatFit,Intel®,Xeon®,2.2,4,4,1,16824102912,11170725888,5653377024,1171386368,15652716544,299409408,3995295744,587870208,4882575360,0,0,0,23.520000000000003,3.92,110.0,81848616000,13641436000.0,0.475,0.475,0.725,0.5375,0.6625,0.6125,3064.0
3715,montage2,1.0,mConcatFit,3,1138,1,mConcatFit,AMD,EPYC 7B12,2.25,4,4,1,16824102912,7583281152,9240821760,1336758272,15487344640,331411456,7101345792,923930624,8356687872,0,0,0,13.69,3.4225,110.0,47131832000,11782958000.0,0.9875,0.9875,0.475,0.675,0.975,0.80625,110631.0
13562,montage2,0.25,mConcatFit,3,142,1,mConcatFit,Intel®,Xeon® Platinum 8175M,2.5,8,8,1,33359015936,28469039104,4889976832,1381650432,31977365504,2768896,3319865344,771272704,4093906944,0,0,0,17.75,5.916666666666667,44.333333333333336,66543572000,22181190666.666668,0.175,0.209375,0.209375,0.209375,0.30625,0.30625,1663.0
62699,montage2,1.0,mConcatFit,3,1138,1,mConcatFit,Intel®,Xeon®,2.2,4,4,1,16824102912,12208893952,4615208960,1204391936,15619710976,288010240,3016335360,511229952,3815575552,0,0,0,23.520000000000003,3.92,110.0,81848616000,13641436000.0,0.85625,0.85625,0.6875,0.875,0.84375,0.99375,28058.0
36194,montage2,0.25,mConcatFit,3,142,1,mConcatFit,Intel®,Xeon®,2.8,4,4,1,16824102912,11563356160,5260746752,1267417088,15556685824,288161792,3552370688,560930816,4401463296,0,0,0,15.68,3.92,110.0,54565744000,13641436000.0,0.53125,0.51875,0.85,0.60625,0.61875,0.7,2414.0
55269,montage2,0.01,mConcatFit,3,2,1,mConcatFit,Intel®,Xeon®,2.2,4,4,1,15767138304,11793829888,3973308416,1378070528,14389067776,278581248,2226909184,446902272,2952392704,0,0,0,12.7,3.175,110.0,40992952000,10248238000.0,0.175,0.209375,0.209375,0.209375,0.38125,0.38125,174.0
8412,montage,0.25,mConcatFit,3,18,1,mConcatFit,Intel®,Xeon®,3.1,4,2,1,16824107008,8598364160,8225742848,1252888576,15571218432,166883328,6708494336,500154368,7375532032,0,0,0,19.6,3.92,110.0,68207180000,13641436000.0,0.378125,0.209375,0.209375,0.209375,0.175,0.109375,114.0
14019,montage2,0.25,mConcatFit,3,142,1,mConcatFit,Intel®,Xeon® Platinum 8175M,2.5,8,8,1,33359015936,28280639488,5078376448,1513009152,31846006784,2768896,3372945408,778993664,4154707968,0,0,0,17.75,5.916666666666667,44.333333333333336,66543572000,22181190666.666668,0.175,0.209375,0.209375,0.209375,0.525,0.525,1705.0
23147,montage2,1.0,mConcatFit,3,1138,1,mConcatFit,Intel®,Xeon® Platinum 8259CL,2.5,2,2,1,8257200128,531193856,7726006272,1549271040,6707929088,2768896,5507383296,1051709440,6561861632,0,0,0,7.72,1.93,30.5,25340644000,6335161000.0,0.7625,0.74375,0.575,0.80625,0.775,0.78125,14542.0
69275,montage,0.25,mConcatFit,3,18,1,mConcatFit,Intel®,Xeon®,2.2,4,2,1,15767138304,13684137984,2083000320,986116096,14781022208,58257408,1211322368,205381632,1474961408,0,0,0,23.520000000000003,3.92,110.0,77133096000,12855516000.0,0.378125,0.209375,0.209375,0.209375,0.275,0.215625,188.0
67718,montage2,0.01,mConcatFit,3,2,1,mConcatFit,Intel®,Xeon®,2.2,4,4,1,15767138304,11502649344,4264488960,1101271040,14665867264,221503488,2908352512,428584960,3558440960,0,0,0,23.520000000000003,3.92,110.0,77133096000,12855516000.0,0.175,0.209375,0.209375,0.209375,0.44375,0.44375,149.0
14638,montage2,0.25,mConcatFit,3,142,1,mConcatFit,Intel®,Xeon® Platinum 8259CL,2.5,2,2,1,8257200128,3551227904,4705972224,907317248,7349882880,2768896,3745779712,434176000,4182724608,0,0,0,7.72,1.93,30.5,25340644000,6335161000.0,0.175,0.209375,0.209375,0.209375,0.340625,0.340625,1543.0
11338,montage,0.25,mConcatFit,3,18,1,mConcatFit,Intel®,Xeon® Platinum 8175M,2.5,2,1,1,8257200128,5603016704,2654183424,1080471552,7176728576,2768896,1322029056,534487040,1859284992,0,0,0,7.72,1.93,30.5,25340644000,6335161000.0,0.175,0.209375,0.209375,0.209375,0.10625,0.0625,473.0
4914,montage2,0.01,mConcatFit,3,2,1,mConcatFit,Intel®,Xeon® Platinum 8175M,2.5,8,8,1,33359015936,29456232448,3902783488,1335156736,32023859200,2768896,2278596608,871698432,3153063936,0,0,0,17.75,5.916666666666667,44.333333333333336,66543572000,22181190666.666668,0.175,0.209375,0.209375,0.209375,0.5625,0.5625,114.0
37924,montage2,0.01,mConcatFit,3,2,1,mConcatFit,Intel®,Xeon®,3.1,4,4,1,16824107008,14390128640,2433978368,1013096448,15811010560,56504320,1529843712,217530368,1803878400,0,0,0,19.6,3.92,110.0,68207180000,13641436000.0,0.175,0.209375,0.209375,0.209375,0.5,0.5,107.0
73207,montage,1.0,mConcatFit,3,264,1,mConcatFit,Intel®,Xeon®,2.2,4,2,1,15767138304,13580972032,2186166272,1018048512,14749089792,92569600,1224019968,247644160,1564233728,0,0,0,23.520000000000003,3.92,110.0,77133096000,12855516000.0,0.56875,0.60625,0.65,0.48125,0.1125,0.0875,3384.0
14181,montage2,0.25,mConcatFit,3,142,1,mConcatFit,Intel®,Xeon® Platinum 8259CL,2.5,2,2,1,8257200128,4773916672,3483283456,952836096,7304364032,2768896,2457128960,532168704,2992066560,0,0,0,7.72,1.93,30.5,25340644000,6335161000.0,0.175,0.209375,0.209375,0.209375,0.325,0.325,1960.0
50116,montage2,1.0,mConcatFit,3,1138,1,mConcatFit,Intel®,Xeon®,3.1,4,4,1,16824090624,191311872,16632778752,1616142336,15207948288,343531520,14041075712,1103073280,15487680512,0,0,0,19.6,3.92,110.0,68207180000,13641436000.0,0.875,0.875,0.953125,0.9625,0.90625,0.959375,39932.0
80190,montage2,0.25,mConcatFit,3,142,1,mConcatFit,Intel®,Xeon®,2.2,4,4,1,16824102912,8775233536,8048869376,1353412608,15470690304,296370176,6148575232,660586496,7105531904,0,0,0,23.520000000000003,3.92,110.0,81848616000,13641436000.0,0.49375,0.49375,0.965625,0.646875,0.628125,0.63125,2776.0
80646,montage2,0.25,mConcatFit,3,142,1,mConcatFit,Intel®,Xeon®,2.2,4,4,1,16824102912,8849829888,7974273024,1355448320,15468654592,296562688,6072975360,658419712,7027957760,0,0,0,23.520000000000003,3.92,110.0,81848616000,13641436000.0,0.4875,0.4875,0.940625,0.634375,0.675,0.7125,2827.0
54727,montage2,0.25,mConcatFit,3,142,1,mConcatFit,Intel®,Xeon®,3.1,4,4,1,16824090624,9760186368,7063904256,1281740800,15542349824,337252352,5198372864,662196224,6197821440,0,0,0,19.6,3.92,110.0,68207180000,13641436000.0,0.55,0.53125,0.940625,0.634375,0.7125,0.625,2374.0
37913,montage2,0.01,mConcatFit,3,2,1,mConcatFit,Intel®,Xeon®,3.1,4,4,1,16824090624,14396329984,2427760640,1006194688,15817895936,55959552,1530302464,216375296,1802637312,0,0,0,19.6,3.92,110.0,68207180000,13641436000.0,0.175,0.209375,0.209375,0.209375,0.453125,0.453125,102.0
37496,montage,1.0,mConcatFit,3,264,1,mConcatFit,Intel®,Xeon®,3.1,4,2,1,16824107008,10138411008,6685696000,1251090432,15573016576,168345600,5175435264,501411840,5845192704,0,0,0,19.6,3.92,110.0,68207180000,13641436000.0,0.4125,0.209375,0.209375,0.209375,0.190625,0.121875,1975.0
12543,montage2,1.0,mConcatFit,3,1138,1,mConcatFit,Intel®,Xeon®,2.2,4,4,1,15767138304,7409733632,8357404672,1418498048,14348640256,332181504,6179868672,874143744,7386193920,0,0,0,12.7,3.175,110.0,40992952000,10248238000.0,0.95,0.95,0.625,0.83125,0.95625,0.728125,71030.0
27563,montage2,0.01,mConcatFit,3,2,1,mConcatFit,Intel®,Xeon® Platinum 8259CL,2.5,2,2,1,8257200128,5999546368,2257653760,910233600,7346966528,2768896,1311776768,408248320,1722793984,0,0,0,7.72,1.93,30.5,25340644000,6335161000.0,0.175,0.209375,0.209375,0.209375,0.4875,0.4875,156.0
22114,montage2,0.25,mConcatFit,3,142,1,mConcatFit,Intel®,Xeon®,2.2,4,4,1,16824102912,8374992896,8449110016,1571950592,15252152320,327380992,6147788800,798294016,7273463808,0,0,0,23.520000000000003,3.92,110.0,81848616000,13641436000.0,0.64375,0.61875,0.865625,0.75,0.75625,0.88125,4948.0
81646,montage,2.0,mConcatFit,3,863,1,mConcatFit,AMD,EPYC 7B12,2.25,4,2,1,16824102912,14058369024,2765733888,1141755904,15682347008,244416512,1351139328,434126848,2029682688,0,0,0,13.69,3.4225,110.0,47131832000,11782958000.0,0.69375,0.69375,0.63125,0.8125,0.06875,0.18125,8407.0
21258,montage2,0.25,mConcatFit,3,142,1,mConcatFit,Intel®,Xeon®,3.1,4,4,1,16824107008,11487420416,5336686592,1202954240,15621152768,268083200,3703193600,560148480,4531425280,0,0,0,19.6,3.92,110.0,68207180000,13641436000.0,0.55625,0.5375,0.678125,0.503125,0.71875,0.80625,2369.0
15809,montage2,1.0,mConcatFit,3,1138,1,mConcatFit,Intel®,Xeon®,3.1,4,4,1,16824107008,6201425920,10622681088,1377746944,15446360064,337743872,8444473344,901066752,9683283968,0,0,0,19.6,3.92,110.0,68207180000,13641436000.0,0.83125,0.83125,0.896875,0.9125,0.825,0.80625,27209.0
59343,montage2,1.0,mConcatFit,3,1138,1,mConcatFit,Intel®,Xeon®,2.8,4,4,1,16824102912,4744163328,12079939584,1624629248,15199473664,341192704,9509777408,1093033984,10944004096,0,0,0,12.7,3.175,110.0,43822280000,10955570000.0,0.96875,0.96875,0.575,0.85,0.96875,0.85625,80614.0
37959,montage,0.25,mConcatFit,3,18,1,mConcatFit,Intel®,Xeon®,2.8,4,2,1,16824102912,14329794560,2494308352,1035501568,15788601344,64221184,1559580672,235253760,1859055616,0,0,0,12.7,3.175,110.0,43822280000,10955570000.0,0.175,0.209375,0.209375,0.209375,0.190625,0.121875,226.0
55754,montage2,1.0,mConcatFit,3,1138,1,mConcatFit,Intel®,Xeon®,2.8,4,4,1,16824102912,11871879168,4952223744,1545015296,15279087616,329445376,2707017728,819208192,3855671296,0,0,0,12.7,3.175,110.0,43822280000,10955570000.0,0.93125,0.93125,0.43125,0.69375,0.925,0.80625,56851.0
5508,montage2,1.0,mConcatFit,3,1138,1,mConcatFit,AMD,EPYC 7B12,2.25,4,4,1,16824102912,12611674112,4212428800,1416830976,15407271936,329564160,2122502144,796925952,3248992256,0,0,0,13.69,3.4225,110.0,47131832000,11782958000.0,0.98125,0.98125,0.446875,0.66875,0.9375,0.9875,104514.0
27572,montage2,0.01,mConcatFit,3,2,1,mConcatFit,Intel®,Xeon® Platinum 8259CL,2.5,2,2,1,8257200128,5993443328,2263756800,916811776,7340388352,2768896,1311760384,407523328,1722052608,0,0,0,7.72,1.93,30.5,25340644000,6335161000.0,0.175,0.209375,0.209375,0.209375,0.515625,0.515625,219.0
67760,montage2,0.01,mConcatFit,3,2,1,mConcatFit,AMD,EPYC 7B12,2.25,4,4,1,16824102912,13452587008,3371515904,1113382912,15710720000,274374656,1974808576,407302144,2656485376,0,0,0,13.69,3.4225,110.0,47131832000,11782958000.0,0.175,0.209375,0.209375,0.209375,0.2625,0.1625,355.0
6406,montage2,0.01,mConcatFit,3,2,1,mConcatFit,AMD,EPYC 7B12,2.25,4,4,1,16824102912,11409276928,5414825984,1356763136,15467339776,334147584,3327991808,815693824,4477833216,0,0,0,13.69,3.4225,110.0,47131832000,11782958000.0,0.175,0.209375,0.209375,0.209375,0.15,0.08125,354.0
54498,montage2,0.25,mConcatFit,3,142,1,mConcatFit,Intel®,Xeon®,3.1,4,4,1,16824107008,10721079296,6103027712,1372291072,15451815936,338829312,3872395264,985403392,5196627968,0,0,0,19.6,3.92,110.0,68207180000,13641436000.0,0.6625,0.6375,1.0,0.78125,0.74375,0.60625,4447.0
55309,montage2,0.01,mConcatFit,3,2,1,mConcatFit,Intel®,Xeon®,2.8,4,4,1,16824102912,12782436352,4041666560,1382445056,15441657856,270041088,2357415936,441057280,3068514304,0,0,0,12.7,3.175,110.0,43822280000,10955570000.0,0.175,0.209375,0.209375,0.209375,0.3875,0.3875,163.0
64490,montage2,1.0,mConcatFit,3,1138,1,mConcatFit,Intel®,Xeon®,2.2,4,4,1,16824102912,4420005888,12404097024,1318883328,15505219584,298774528,10465509376,741457920,11505741824,0,0,0,23.520000000000003,3.92,110.0,81848616000,13641436000.0,0.8375,0.8375,0.771875,0.93125,0.8375,0.940625,26651.0
10056,montage,1.0,mConcatFit,3,264,1,mConcatFit,Intel®,Xeon® Platinum 8259CL,2.5,8,4,1,33359015936,28655095808,4703920128,1277673472,32081342464,2768896,3202887680,784605184,3990261760,0,0,0,17.75,5.916666666666667,44.333333333333336,66543572000,22181190666.666668,0.625,0.63125,0.525,0.45625,0.040625,0.06875,2786.0
10749,montage2,1.0,mConcatFit,3,1138,1,mConcatFit,Intel®,Xeon®,2.2,4,4,1,15767138304,7306326016,8460812288,1520025600,14247112704,332181504,6180872192,877367296,7390420992,0,0,0,12.7,3.175,110.0,40992952000,10248238000.0,0.9375,0.9375,0.60625,0.8375,0.9625,0.85625,69965.0
4903,montage2,0.01,mConcatFit,3,2,1,mConcatFit,Intel®,Xeon® Platinum 8175M,2.5,8,8,1,33359015936,29466841088,3892174848,1323921408,32035094528,2768896,2278576128,873603072,3154948096,0,0,0,17.75,5.916666666666667,44.333333333333336,66543572000,22181190666.666668,0.175,0.209375,0.209375,0.209375,0.475,0.475,143.0
14014,montage2,1.0,mConcatFit,3,1138,1,mConcatFit,Intel®,Xeon®,3.1,4,4,1,16824107008,4234604544,12589502464,1316118528,15507988480,342179840,10400124928,969043968,11711348736,0,0,0,19.6,3.92,110.0,68207180000,13641436000.0,0.825,0.825,0.771875,0.8875,0.83125,0.903125,26609.0
4923,montage2,0.01,mConcatFit,3,2,1,mConcatFit,Intel®,Xeon® Platinum 8175M,2.5,8,8,1,33359015936,29457567744,3901448192,1334177792,32024838144,2768896,2278514688,871276544,3152560128,0,0,0,17.75,5.916666666666667,44.333333333333336,66543572000,22181190666.666668,0.175,0.209375,0.209375,0.209375,0.54375,0.54375,145.0
67738,montage2,0.01,mConcatFit,3,2,1,mConcatFit,Intel®,Xeon®,2.2,4,4,1,15767138304,12151365632,3615772672,1116938240,14650200064,213114880,2300350464,377556992,2891022336,0,0,0,23.520000000000003,3.92,110.0,77133096000,12855516000.0,0.175,0.209375,0.209375,0.209375,0.4625,0.4625,157.0
13171,montage2,0.25,mConcatFit,3,142,1,mConcatFit,Intel®,Xeon® Platinum 8259CL,2.5,8,8,1,33359015936,28079779840,5279236096,1387782144,31971233792,2768896,3469889536,1008676864,4481335296,0,0,0,17.75,5.916666666666667,44.333333333333336,66543572000,22181190666.666668,0.175,0.209375,0.209375,0.209375,0.4375,0.4375,1387.0
36812,montage2,0.25,mConcatFit,3,142,1,mConcatFit,AMD,EPYC 7B12,2.25,4,4,1,16824102912,12364107776,4459995136,1314590720,15509512192,324009984,2617114624,624431104,3565555712,0,0,0,13.69,3.4225,110.0,47131832000,11782958000.0,0.4375,0.4375,0.896875,0.625,0.58125,0.70625,3042.0
8954,montage2,1.0,mConcatFit,3,1138,1,mConcatFit,Intel®,Xeon®,2.2,4,4,1,15767138304,3972886528,11794251776,1458634752,14308503552,330989568,9405755392,1080537088,10817282048,0,0,0,12.7,3.175,110.0,40992952000,10248238000.0,0.9625,0.9625,0.66875,0.9,0.9875,0.85625,78030.0
74685,montage,0.25,mConcatFit,3,18,1,mConcatFit,Intel®,Xeon®,2.8,4,2,1,16824102912,14521413632,2302689280,1049681920,15774420992,60436480,1371553792,220442624,1652432896,0,0,0,15.68,3.92,110.0,54565744000,13641436000.0,0.378125,0.209375,0.209375,0.209375,0.26875,0.19375,130.0
30963,montage2,1.0,mConcatFit,3,1138,1,mConcatFit,Intel®,Xeon®,2.8,4,4,1,16824102912,5236416512,11587686400,1419292672,15404810240,333131776,9282547712,1050595328,10666274816,0,0,0,15.68,3.92,110.0,54565744000,13641436000.0,0.8875,0.8875,0.98125,0.98125,0.9,0.765625,39810.0
40282,montage2,0.25,mConcatFit,3,142,1,mConcatFit,AMD,EPYC 7B12,2.25,4,4,1,16824102912,12284555264,4539547648,1132617728,15691485184,278380544,3029913600,508149760,3816443904,0,0,0,13.69,3.4225,110.0,47131832000,11782958000.0,0.5875,0.553125,0.7875,0.56875,0.628125,0.575,2141.0
35879,montage2,0.01,mConcatFit,3,2,1,mConcatFit,Intel®,Xeon®,2.8,4,4,1,16824102912,12437590016,4386512896,1391214592,15432888320,285810688,2638422016,470900736,3395133440,0,0,0,15.68,3.92,110.0,54565744000,13641436000.0,0.175,0.209375,0.209375,0.209375,0.33125,0.33125,154.0
26729,montage2,1.0,mConcatFit,3,1138,1,mConcatFit,Intel®,Xeon® Platinum 8259CL,2.5,2,2,1,8257200128,538021888,7719178240,1570390016,6686810112,2768896,5480894464,1051107328,6534770688,0,0,0,7.72,1.93,30.5,25340644000,6335161000.0,0.76875,0.75625,0.59375,0.75625,0.78125,0.68125,16868.0
51806,montage,1.0,mConcatFit,3,264,1,mConcatFit,Intel®,Xeon®,2.2,4,2,1,15767138304,12115820544,3651317760,1081454592,14685683712,118353920,2537680896,324177920,2980212736,0,0,0,12.7,3.175,110.0,40992952000,10248238000.0,0.54375,0.6,0.6625,0.49375,0.20625,0.215625,3550.0
1920,montage2,1.0,mConcatFit,3,1138,1,mConcatFit,AMD,EPYC 7B12,2.25,4,4,1,16824102912,12734402560,4089700352,1358827520,15465275392,329560064,2063958016,797437952,3190956032,0,0,0,13.69,3.4225,110.0,47131832000,11782958000.0,0.99375,0.99375,0.45625,0.65625,0.95,0.940625,112553.0
10828,montage,0.25,mConcatFit,3,18,1,mConcatFit,Intel®,Xeon® Platinum 8259CL,2.5,2,1,1,8257200128,4882812928,3374387200,921239552,7335960576,2768896,2397986816,505696256,2906451968,0,0,0,7.72,1.93,30.5,25340644000,6335161000.0,0.175,0.209375,0.209375,0.209375,0.29375,0.253125,228.0
18905,montage2,0.25,mConcatFit,3,142,1,mConcatFit,Intel®,Xeon® Platinum 8259CL,2.5,2,2,1,8257200128,2817073152,5440126976,1066774528,7190425600,2768896,4148191232,717697024,4868657152,0,0,0,7.72,1.93,30.5,25340644000,6335161000.0,0.175,0.209375,0.209375,0.209375,0.55,0.55,1905.0
35966,montage2,0.25,mConcatFit,3,142,1,mConcatFit,Intel®,Xeon®,2.8,4,4,1,16824102912,13145600000,3678502912,1203445760,15620657152,280150016,2114621440,489943040,2884714496,0,0,0,15.68,3.92,110.0,54565744000,13641436000.0,0.58125,0.553125,0.8875,0.61875,0.6375,0.6375,2171.0
79237,montage2,1.0,mConcatFit,3,1138,1,mConcatFit,Intel®,Xeon®,2.2,4,4,1,16824102912,5672599552,11151503360,1514655744,15309447168,337010688,8726183936,1030270976,10093465600,0,0,0,23.520000000000003,3.92,110.0,81848616000,13641436000.0,0.91875,0.91875,0.928125,1.0,0.93125,0.978125,47193.0
6386,montage2,0.01,mConcatFit,3,2,1,mConcatFit,AMD,EPYC 7B12,2.25,4,4,1,16824102912,13431238656,3392864256,1290067968,15534034944,323170304,1647218688,547725312,2518114304,0,0,0,13.69,3.4225,110.0,47131832000,11782958000.0,0.175,0.209375,0.209375,0.209375,0.25625,0.15,364.0
13400,montage2,0.25,mConcatFit,3,142,1,mConcatFit,Intel®,Xeon® Platinum 8259CL,2.5,8,8,1,33359015936,27983073280,5375942656,1396850688,31962165248,2768896,3549868032,1019662336,4572299264,0,0,0,17.75,5.916666666666667,44.333333333333336,66543572000,22181190666.666668,0.175,0.209375,0.209375,0.209375,0.4125,0.4125,1511.0
19349,montage,2.0,mConcatFit,3,863,1,mConcatFit,Intel®,Xeon®,2.8,4,2,1,16824102912,11052199936,5771902976,1225814016,15598288896,208814080,4246663168,502263808,4957741056,0,0,0,12.7,3.175,110.0,43822280000,10955570000.0,0.75,0.76875,0.41875,0.6,0.05625,0.19375,20450.0
25,montage2,0.01,mConcatFit,3,2,1,mConcatFit,Intel®,Xeon® Platinum 8259CL,2.5,2,2,1,8257200128,4875931648,3381268480,966782976,7290417152,2768896,2387824640,477696000,2868289536,0,0,0,7.72,1.93,30.5,25340644000,6335161000.0,0.175,0.209375,0.209375,0.209375,0.3,0.3,153.0
77443,montage2,1.0,mConcatFit,3,1138,1,mConcatFit,Intel®,Xeon®,2.2,4,4,1,16824102912,220327936,16603774976,1501560832,15322542080,321474560,14122348544,1083052032,15526875136,0,0,0,23.520000000000003,3.92,110.0,81848616000,13641436000.0,0.84375,0.84375,0.98125,0.9875,0.86875,0.69375,29468.0
35386,montage,0.25,mConcatFit,3,18,1,mConcatFit,Intel®,Xeon®,2.2,4,2,1,15767138304,13116661760,2650476544,1124458496,14642679808,64045056,1622228992,246849536,1933123584,0,0,0,12.7,3.175,110.0,40992952000,10248238000.0,0.378125,0.209375,0.209375,0.209375,0.0875,0.040625,213.0
6397,montage2,0.01,mConcatFit,3,2,1,mConcatFit,AMD,EPYC 7B12,2.25,4,4,1,16824102912,13418844160,3405258752,1302294528,15521808384,323170304,1647308800,547676160,2518155264,0,0,0,13.69,3.4225,110.0,47131832000,11782958000.0,0.175,0.209375,0.209375,0.209375,0.49375,0.49375,124.0
38173,montage,2.0,mConcatFit,3,863,1,mConcatFit,Intel®,Xeon®,2.2,4,2,1,16824102912,10856833024,5967269888,1322086400,15502016512,324485120,4015087616,739250176,5078822912,0,0,0,23.520000000000003,3.92,110.0,81848616000,13641436000.0,0.7875,0.8125,0.865625,0.95,0.225,0.290625,26234.0
21138,montage,2.0,mConcatFit,3,863,1,mConcatFit,Intel®,Xeon® Platinum 8259CL,2.5,2,1,1,8257200128,2826657792,5430542336,966123520,7291076608,2768896,4399951872,539185152,4941905920,0,0,0,7.72,1.93,30.5,25340644000,6335161000.0,0.70625,0.70625,0.51875,0.725,0.1,0.275,10835.0
5367,montage2,1.0,mConcatFit,3,1138,1,mConcatFit,Intel®,Xeon® Platinum 8259CL,2.5,2,2,1,8257200128,4101058560,4156141568,1117655040,7139545088,2768896,2545364992,628772864,3176906752,0,0,0,7.72,1.93,30.5,25340644000,6335161000.0,0.81875,0.81875,0.4375,0.68125,0.875,0.775,22313.0
191,montage,2.0,mConcatFit,3,863,1,mConcatFit,Intel®,Xeon®,2.2,4,2,1,15767138304,12963258368,2803879936,1089114112,14678024192,189562880,1543012352,377630720,2110205952,0,0,0,23.520000000000003,3.92,110.0,77133096000,12855516000.0,0.725,0.725,0.74375,0.86875,0.075,0.215625,14659.0
30113,montage,1.0,mConcatFit,3,264,1,mConcatFit,Intel®,Xeon®,2.8,4,2,1,16824102912,11625517056,5198585856,1248440320,15575662592,145051648,3840856064,383451136,4369358848,0,0,0,15.68,3.92,110.0,54565744000,13641436000.0,0.65625,0.6625,0.83125,0.590625,0.03125,0.053125,2236.0
27601,montage,0.25,mConcatFit,3,18,1,mConcatFit,Intel®,Xeon®,2.0,2,1,1,4140863488,1971806208,2169057280,842788864,3298074624,60399616,1391157248,188641280,1640198144,0,0,0,9.71,2.4275,110.0,22335336000,5583834000.0,0.378125,0.209375,0.209375,0.209375,0.00625,0.00625,262.0
5,montage2,0.01,mConcatFit,3,2,1,mConcatFit,Intel®,Xeon® Platinum 8175M,2.5,2,2,1,8257200128,4655595520,3601604608,973930496,7283269632,2768896,2598944768,483958784,3085672448,0,0,0,7.72,1.93,30.5,25340644000,6335161000.0,0.175,0.209375,0.209375,0.209375,0.56875,0.56875,390.0
28349,montage2,0.25,mConcatFit,3,142,1,mConcatFit,Intel®,Xeon®,2.2,4,4,1,15767138304,12062752768,3704385536,1115955200,14651183104,242089984,2320269312,422486016,2984845312,0,0,0,23.520000000000003,3.92,110.0,77133096000,12855516000.0,0.5125,0.50625,0.725,0.5375,0.6875,0.5875,2576.0
11695,montage,1.0,mConcatFit,3,264,1,mConcatFit,Intel®,Xeon® Platinum 8259CL,2.5,2,1,1,8257200128,5287309312,2969890816,854716416,7402483712,2768896,2097336320,388722688,2488827904,0,0,0,7.72,1.93,30.5,25340644000,6335161000.0,0.575,0.6125,0.5,0.44375,0.1625,0.1375,3213.0
7160,montage2,1.0,mConcatFit,3,1138,1,mConcatFit,Intel®,Xeon® Platinum 8259CL,2.5,2,2,1,8257200128,4107153408,4150046720,1111560192,7145639936,2768896,2545364992,628772864,3176906752,0,0,0,7.72,1.93,30.5,25340644000,6335161000.0,0.8125,0.80625,0.446875,0.6875,0.81875,0.88125,21322.0
19132,montage2,0.25,mConcatFit,3,142,1,mConcatFit,Intel®,Xeon® Platinum 8259CL,2.5,2,2,1,8257200128,3282554880,4974645248,1050656768,7206543360,2768896,3711045632,704696320,4418510848,0,0,0,7.72,1.93,30.5,25340644000,6335161000.0,0.59375,0.5625,0.553125,0.4625,0.66875,0.61875,2123.0
28723,montage,1.0,mConcatFit,3,264,1,mConcatFit,AMD,EPYC 7B12,2.25,4,2,1,16824102912,14533099520,2291003392,1022988288,15801114624,111153152,1301258240,270536704,1682948096,0,0,0,13.69,3.4225,110.0,47131832000,11782958000.0,0.175,0.209375,0.209375,0.209375,0.01875,0.01875,1711.0
27892,montage2,0.25,mConcatFit,3,142,1,mConcatFit,Intel®,Xeon®,2.2,4,4,1,15767138304,11449942016,4317196288,1188007936,14579130368,252911616,2816757760,463773696,3533443072,0,0,0,23.520000000000003,3.92,110.0,77133096000,12855516000.0,0.48125,0.48125,0.696875,0.515625,0.725,0.85625,2957.0
72684,montage,1.0,mConcatFit,3,264,1,mConcatFit,AMD,EPYC 7B12,2.25,4,2,1,16824102912,10599448576,6224654336,1359724544,15464378368,318783488,4179853312,780656640,5279293440,0,0,0,13.69,3.4225,110.0,47131832000,11782958000.0,0.6375,0.65,0.6125,0.46875,0.11875,0.09375,2375.0
62180,montage2,0.25,mConcatFit,3,142,1,mConcatFit,Intel®,Xeon®,2.8,4,4,1,16824102912,12748324864,4075778048,1315434496,15508668416,279478272,2389102592,505749504,3174330368,0,0,0,12.7,3.175,110.0,43822280000,10955570000.0,0.44375,0.44375,0.4875,0.4375,0.7,0.921875,3601.0
60352,montage,2.0,mConcatFit,3,863,1,mConcatFit,Intel®,Xeon®,3.1,4,2,1,16824107008,7843340288,8980766720,1311821824,15512285184,328187904,7024775168,729157632,8082120704,0,0,0,19.6,3.92,110.0,68207180000,13641436000.0,0.71875,0.71875,0.98125,0.90625,0.23125,0.16875,12757.0
16,montage2,0.01,mConcatFit,3,2,1,mConcatFit,Intel®,Xeon® Platinum 8175M,2.5,2,2,1,8257200128,4664995840,3592204288,964235264,7292964864,2768896,2599100416,483602432,3085471744,0,0,0,7.72,1.93,30.5,25340644000,6335161000.0,0.175,0.209375,0.209375,0.209375,0.31875,0.31875,133.0
24940,montage2,1.0,mConcatFit,3,1138,1,mConcatFit,Intel®,Xeon® Platinum 8259CL,2.5,2,2,1,8257200128,4690178048,3567022080,1602748416,6654451712,2768896,1243279360,1146585088,2392633344,0,0,0,7.72,1.93,30.5,25340644000,6335161000.0,0.8,0.79375,0.49375,0.74375,0.80625,0.80625,19251.0
55278,montage2,0.01,mConcatFit,3,2,1,mConcatFit,Intel®,Xeon®,2.2,4,4,1,15767138304,12125966336,3641171968,1202892800,14564245504,262365184,2148970496,418332672,2829668352,0,0,0,12.7,3.175,110.0,40992952000,10248238000.0,0.175,0.209375,0.209375,0.209375,0.41875,0.41875,171.0
57549,montage2,1.0,mConcatFit,3,1138,1,mConcatFit,Intel®,Xeon®,2.8,4,4,1,16824102912,4811841536,12012261376,1562365952,15261736960,341192704,9503141888,1092673536,10937008128,0,0,0,12.7,3.175,110.0,43822280000,10955570000.0,0.95625,0.95625,0.5875,0.84375,0.98125,0.765625,78407.0
24482,montage2,1.0,mConcatFit,3,1138,1,mConcatFit,AMD,EPYC 7B12,2.25,4,4,1,16824102912,12890144768,3933958144,1429757952,15394344960,343040000,1739829248,877142016,2960011264,0,0,0,13.69,3.4225,110.0,47131832000,11782958000.0,1.0,1.0,0.953125,0.94375,1.0,0.728125,113795.0
61951,montage2,0.25,mConcatFit,3,142,1,mConcatFit,Intel®,Xeon®,2.8,4,4,1,16824102912,12468277248,4355825664,1406255104,15417847808,281583616,2571165696,507613184,3360362496,0,0,0,12.7,3.175,110.0,43822280000,10955570000.0,0.43125,0.43125,0.50625,0.45,0.6125,0.58125,3462.0
19361,montage2,0.25,mConcatFit,3,142,1,mConcatFit,Intel®,Xeon® Platinum 8259CL,2.5,2,2,1,8257200128,3354378240,4902821888,1028067328,7229132800,2768896,3666087936,696963072,4365819904,0,0,0,7.72,1.93,30.5,25340644000,6335161000.0,0.175,0.209375,0.209375,0.209375,0.353125,0.353125,1637.0
19674,montage,2.0,mConcatFit,3,863,1,mConcatFit,Intel®,Xeon® Platinum 8175M,2.5,2,1,1,8257200128,4353130496,3904069632,1031991296,7225208832,2768896,2668515328,694206464,3365490688,0,0,0,7.72,1.93,30.5,25340644000,6335161000.0,0.7125,0.7125,0.5375,0.73125,0.1375,0.253125,10802.0
35859,montage2,0.01,mConcatFit,3,2,1,mConcatFit,Intel®,Xeon®,2.8,4,4,1,16824102912,12450648064,4373454848,1377251328,15446851584,285810688,2638905344,471564288,3396280320,0,0,0,15.68,3.92,110.0,54565744000,13641436000.0,0.175,0.209375,0.209375,0.209375,0.3625,0.3625,124.0
40511,montage2,0.25,mConcatFit,3,142,1,mConcatFit,AMD,EPYC 7B12,2.25,4,4,1,16824102912,12076568576,4747534336,1156743168,15667359744,281976832,3191590912,524312576,3997880320,0,0,0,13.69,3.4225,110.0,47131832000,11782958000.0,0.5375,0.525,0.796875,0.578125,0.5875,0.728125,2397.0
13790,montage2,0.25,mConcatFit,3,142,1,mConcatFit,Intel®,Xeon® Platinum 8175M,2.5,8,8,1,33359015936,28531355648,4827660288,1351069696,32007946240,2768896,3295444992,761929728,4060143616,0,0,0,17.75,5.916666666666667,44.333333333333336,66543572000,22181190666.666668,0.175,0.209375,0.209375,0.209375,0.46875,0.46875,1727.0
67632,montage2,0.25,mConcatFit,3,142,1,mConcatFit,Intel®,Xeon®,2.2,4,4,1,15767138304,11984138240,3783000064,1222332416,14544805888,287633408,2182410240,490143744,2960187392,0,0,0,12.7,3.175,110.0,40992952000,10248238000.0,0.45,0.45,0.725,0.5375,0.70625,0.80625,3171.0
55258,montage2,0.01,mConcatFit,3,2,1,mConcatFit,Intel®,Xeon®,2.2,4,4,1,15767138304,11884752896,3882385408,1233965056,14533173248,274927616,2331217920,438145024,3044290560,0,0,0,12.7,3.175,110.0,40992952000,10248238000.0,0.175,0.209375,0.209375,0.209375,0.50625,0.50625,166.0
67403,montage2,0.25,mConcatFit,3,142,1,mConcatFit,Intel®,Xeon®,2.2,4,4,1,15767138304,11938136064,3829002240,1218347008,14548791296,287133696,2239201280,481959936,3008294912,0,0,0,12.7,3.175,110.0,40992952000,10248238000.0,0.4625,0.4625,0.7375,0.55,0.7375,0.646875,3158.0
32756,montage2,1.0,mConcatFit,3,1138,1,mConcatFit,Intel®,Xeon®,2.8,4,4,1,16824102912,7910809600,8913293312,1372958720,15451144192,340496384,6734966784,916979712,7992442880,0,0,0,15.68,3.92,110.0,54565744000,13641436000.0,0.8625,0.8625,0.9125,0.95625,0.8625,0.940625,30879.0
21657,montage2,0.25,mConcatFit,3,142,1,mConcatFit,Intel®,Xeon®,2.2,4,4,1,16824102912,11204562944,5619539968,1276153856,15547949056,301150208,3803037696,669278208,4773466112,0,0,0,23.520000000000003,3.92,110.0,81848616000,13641436000.0,0.66875,0.66875,0.8125,0.71875,0.75,0.6625,6008.0
8217,montage,1.0,mConcatFit,3,264,1,mConcatFit,Intel®,Xeon®,2.8,4,2,1,16824102912,13335400448,3488702464,1086631936,15737470976,120053760,2374389760,322793472,2817236992,0,0,0,12.7,3.175,110.0,43822280000,10955570000.0,0.50625,0.59375,0.425,0.41875,0.2125,0.14375,3807.0
75649,montage2,1.0,mConcatFit,3,1138,1,mConcatFit,Intel®,Xeon®,2.2,4,4,1,16824102912,5815803904,11008299008,1378099200,15446003712,337010688,8728535040,1027321856,10092867584,0,0,0,23.520000000000003,3.92,110.0,81848616000,13641436000.0,0.925,0.925,0.928125,0.99375,0.91875,0.80625,48740.0
54270,montage2,0.25,mConcatFit,3,142,1,mConcatFit,Intel®,Xeon®,3.1,4,4,1,16824107008,7871197184,8952909824,1288028160,15536078848,329625600,7018377216,725135360,8073138176,0,0,0,19.6,3.92,110.0,68207180000,13641436000.0,0.6125,0.584375,0.99375,0.6625,0.65,0.66875,2092.0
468,montage2,1.0,mConcatFit,3,1138,1,mConcatFit,Intel®,Xeon® Platinum 8259CL,2.5,8,8,1,33359015936,18768216064,14590799872,2245074944,31113940992,2768896,10684837888,2468012032,13155618816,0,0,0,17.75,5.916666666666667,44.333333333333336,66543572000,22181190666.666668,0.80625,0.8,0.575,0.70625,0.8125,0.959375,16504.0
37041,montage2,0.25,mConcatFit,3,142,1,mConcatFit,AMD,EPYC 7B12,2.25,4,4,1,16824102912,12777807872,4046295040,1340624896,15483478016,327237632,2134319104,661430272,3122987008,0,0,0,13.69,3.4225,110.0,47131832000,11782958000.0,0.46875,0.4625,0.83125,0.590625,0.6,0.6,3074.0
